experiment_id,exp_top_k,exp_prompt_preset,exp_strict_citation_postprocess,exp_chunk_size,exp_chunk_overlap,exp_header_preset,question,ground_truth,generated_answer,contexts,gold_chunk_id,retrieved_ids,cited_chunk_ids,recall_at_5,citation_hallucination,citation_issue_pre_strict,strict_abstention_applied,gold_chunk_cited,context_hallucination,context_hallucination_severity,total_claims,unsupported_claim_count,claim_level_hallucination_rate,atomic_claims_json,unsupported_claims_json,faithfulness,answer_relevancy,answer_correctness
deep_headers_fine,5,default,0,700,140,deep,"What is the percentage increase in the total inventories from January 26, 2025, to January 25, 2026, and what are the recorded inventory provisions for fiscal year 2026?","The total inventories increased from $10,080 million on January 26, 2025, to $21,403 million on January 25, 2026. The percentage increase is calculated as ((21,403 - 10,080) / 10,080) * 100 = 112.33%. The recorded inventory provisions for fiscal year 2026 are $4.0 billion.","The total inventories increased from $10,080 million on January 26, 2025, to $21,403 million on January 25, 2026 [Source: be4715cf-7bae-497e-a186-0ee7f9437750]. The percentage increase in total inventories is calculated as follows:

\[
\text{Percentage Increase} = \left(\frac{21,403 - 10,080}{10,080}\right) \times 100 = 112.32\%
\]

The recorded inventory provisions for fiscal year 2026 were $4.0 billion [Source: 2b96659f-6731-4299-9e8e-21f7503fa705].","['(1) In fiscal years 2026 and 2025, we recorded inventory provisions of $4.0 billion and $1.6 billion, respectively, in cost of revenue.  \n|                                                  | Jan 25, 2026  |   | Jan 26, 2025  |   | Estimated Useful Life |\n| ------------------------------------------------ | ------------- | - | ------------- | - | --------------------- |\n| Property and Equipment:                          | (In millions) |   | (In millions) |   | (In years)            |\n| Land                                             | $ 777         |   | $ 511         |   | (A)                   |', '|                       | Jan 25, 2026  |   | Jan 26, 2025  |   |\n| --------------------- | ------------- | - | ------------- | - |\n| Inventories:          | (In millions) |   | (In millions) |   |\n| Raw materials         | $ 3,807       |   | $ 3,408       |   |\n| Work in process       | 8,822         |   | 3,399         |   |\n| Finished goods        | 8,774         |   | 3,273         |   |\n| Total inventories (1) | $ 21,403      |   | $ 10,080      |   |  \n(1) In fiscal years 2026 and 2025, we recorded inventory provisions of $4.0 billion and $1.6 billion, respectively, in cost of revenue.', ""The net effect on our gross margin from inventory provisions and sales of items previously written down was an unfavorable impact of 2.6% in fiscal year 2026 and 2.3% in fiscal year 2025. Our inventory and capacity purchase commitments are based on forecasts of future customer demand and consider our third-party manufacturers' lead times and constraints. Our manufacturing lead times can be and have been long, and in some cases, extended beyond twelve months for some products. We may place non-cancellable inventory orders for certain product components in advance of our historical lead times, pay premiums and provide deposits to secure future supply and capacity. We also adjust to other"", 'The total fair value of RSUs and PSUs, as of their respective vesting dates, during the years ended January 25, 2026, January 26, 2025, and January 28, 2024, was $22.2 billion, $15.1 billion, and $8.2 billion, respectively.', 'Provisions for inventory and excess inventory purchase obligations totaled $7.2 billion and $3.7 billion for fiscal years 2026 and 2025, respectively, including $4.5 billion associated with H20 excess inventory and purchase obligations for the first quarter of fiscal year 2026. Sales of previously reserved inventory and settlements of excess inventory purchase obligations resulted in a provision release of $1.5 billion and $689 million for fiscal years 2026 and 2025, respectively. The net effect on our gross margin was an unfavorable impact of 2.6% and 2.3% in fiscal years 2026 and 2025, respectively.']",be4715cf-7bae-497e-a186-0ee7f9437750,"['2b96659f-6731-4299-9e8e-21f7503fa705', 'be4715cf-7bae-497e-a186-0ee7f9437750', '0816db2d-7eed-41f7-82b8-ca45812c5a46', '6ca87a5f-90dc-4252-a350-2c2b5ab9aa60', '532971a6-432c-4789-b977-aab7c29af5f2']","[""be4715cf-7bae-497e-a186-0ee7f9437750"", ""2b96659f-6731-4299-9e8e-21f7503fa705""]",1,0,0,0,1,0.0,0.0,3.0,0.0,0.0,"[""The total inventories increased from $10,080 million on January 26, 2025, to $21,403 million on January 25, 2026."", ""The percentage increase in total inventories is 112.32%."", ""The recorded inventory provisions for fiscal year 2026 were $4.0 billion.""]",[],1.0,0.828528765517142,0.841786072886029
deep_headers_fine,5,default,0,700,140,deep,"According to the Nvidia 10-K report for 2026, which financial statement elements require management to make estimates and assumptions that could lead to material differences between actual results and estimates?","Management is required to make estimates and assumptions for accounts receivable, cash equivalents and marketable securities, goodwill, income taxes, inventories and product purchase commitments, investigation and settlement costs, litigation, and non-marketable equity, which could lead to material differences between actual results and estimates.","The financial statement elements that require management to make estimates and assumptions, which could lead to material differences between actual results and estimates, include accounts receivable, cash equivalents and marketable securities, goodwill, income taxes, inventories and product purchase commitments, investigation and settlement costs, litigation, and non-marketable equity [Source: 2de31a9e-e7d6-4815-a1a4-e54c98b9eae6].","['The preparation of financial statements in conformity with U.S. GAAP requires management to make estimates and assumptions that affect the reported amounts of assets and liabilities and disclosures of contingent assets and liabilities at the date of the financial statements and the reported amounts of revenue and expenses during the reporting period. Actual results could differ materially from our estimates. On an ongoing basis, we evaluate our estimates, including those related to accounts receivable, cash equivalents and marketable securities, goodwill, income taxes, inventories and product purchase commitments, investigation and settlement costs, litigation, non-marketable equity', 'We discuss many of these risks, uncertainties, and other factors in this Annual Report on Form 10-K in greater detail under the heading “Risk Factors.” Given these risks, uncertainties, and other factors, you should not place undue reliance on these forward-looking statements. Also, these forward-looking statements represent our estimates and assumptions only as of the date of this filing. You should read this Annual Report on Form 10-K completely and understand that our actual future results may be materially different from what we expect. We hereby qualify our forward-looking statements by these cautionary statements. Except as required by law, we assume no obligation to update these', ""We have audited the accompanying consolidated balance sheets of NVIDIA Corporation and its subsidiaries (the “Company”) as of January 25, 2026 and January 26, 2025, and the related consolidated statements of income, comprehensive income, shareholders' equity, and cash flows for each of the three years in the period ended January 25, 2026, including the related notes and financial statement schedule listed in the index appearing under Item 15(a)(2) (collectively referred to as the “consolidated financial statements”). We also have audited the Company's internal control over financial reporting as of January 25, 2026, based on criteria established in Internal Control - Integrated Framework"", 'values of these net tangible and intangible assets acquired is recorded as goodwill. Management’s estimates of fair value are based upon assumptions believed to be reasonable, but our estimates and assumptions are inherently uncertain and subject to refinement. The estimates and assumptions used in valuing intangible assets include, but are not limited to, the amount and timing of projected future cash flows, discount rate used to determine the present value of these cash flows and asset lives. These estimates are inherently uncertain and, therefore, actual results may differ from the estimates made. As a result, during the measurement period of up to one year from the acquisition date, we', ""all significant deficiencies and material weaknesses in the design or operation of internal control over financial reporting which are reasonably likely to adversely affect the registrant's ability to record, process, summarize and report financial information; and\nany fraud, whether or not material, that involves management or other employees who have a significant role in the registrant's internal control over financial reporting.  \nDate: February 25, 2026  \n/s/ JEN-HSUN HUANG\nJen-Hsun Huang\nPresident and Chief Executive Officer  \nEXHIBIT 31.2  \nI, Colette M. Kress, certify that:  \n1. I have reviewed this Annual Report on Form 10-K of NVIDIA Corporation;""]",2de31a9e-e7d6-4815-a1a4-e54c98b9eae6,"['2de31a9e-e7d6-4815-a1a4-e54c98b9eae6', '903cde34-793a-4504-9913-b07e2cb07db7', 'c89abbc2-1436-423f-a602-9d929940dd66', '0c264c3e-83cd-493f-8f72-60f9a9440a76', '160d84e4-5a10-4b3f-9e85-a51a2abe2ab9']","[""2de31a9e-e7d6-4815-a1a4-e54c98b9eae6""]",1,0,0,0,1,0.0,0.0,1.0,0.0,0.0,"[""The financial statement elements that require management to make estimates and assumptions include accounts receivable, cash equivalents and marketable securities, goodwill, income taxes, inventories and product purchase commitments, investigation and settlement costs, litigation, and non-marketable equity.""]",[],0.625,0.7295533359742851,0.9690736682459208
deep_headers_fine,5,default,0,700,140,deep,"Based on the context provided from Nvidia's 10-K report, what is the estimated fair value of corporate debt securities, and how does it compare to the cost or amortized cost in terms of unrealized gains and losses?","The estimated fair value of the corporate debt securities is $18,526. Compared to the cost or amortized cost of $18,504, there is an unrealized gain of $51 and an unrealized loss of $29.","The estimated fair value of corporate debt securities is $18,526 [Source: 4046ff4b-8c75-47c1-92ca-9cbb2da3fdbf]. The cost or amortized cost of these securities is $18,504, with an unrealized gain of $51 and an unrealized loss of $29 [Source: 4046ff4b-8c75-47c1-92ca-9cbb2da3fdbf].","['| Cost or Amortized Cost                             | Unrealized Gain | Unrealized Loss | Estimated Fair Value | Cash Equivalents | Marketable Securities |         |          |       |          |       |        |          |         |          |\n| Corporate debt securities                          | Level 2         | $ 18,504        | $ 51                 | ($ 29)           | $ 18,526              | $ 2,071 | $ 16,455 |       |          |       |        |          |         |          |', 'We record our debt investments as cash equivalents and marketable debt securities and classify them at the date of acquisition as available-for-sale. These available-for-sale debt securities are reported at fair value with the related unrealized gains and losses included in accumulated other comprehensive income or loss, a component of shareholders’ equity, net of tax. The fair value of interest-bearing debt securities includes accrued interest. Realized gains and losses on the sale of marketable securities are determined using the specific-identification method and recorded in the Other income (expense), net, section of our Consolidated Statements of Income.', '| -------------------------------------------------- | --------------- | --------------- | -------------------- | ---------------- | --------------------- | ------------ | -------- | ------- | - |\n| Cost or Amortized Cost                             | Unrealized Gain | Unrealized Loss | Estimated Fair Value | Cash Equivalents | Marketable Securities | Other Assets |          |         |   |\n| Debt securities issued by the U.S. Treasury        | Level 2         | $ 21,635        | $ 77                 | $ (3)            | $ 21,709              | $ —          | $ 21,709 | $ —     |   |', 'Interest expense is primarily comprised of coupon interest and debt discount amortization related to our notes. Other income, net primarily consists of realized or unrealized gains and losses from investments in non-marketable equity securities, publicly-held equity securities, and the impact of changes in foreign currency rates. The change in Other income, net, compared to fiscal year 2025, was primarily driven by unrealized gains in non-marketable and publicly-held equity securities, including gains from our previously announced investment in Intel’s common stock. Refer to Note 7 and 8 of the Notes to the Consolidated Financial Statements in Part IV, Item 15 of this Annual Report on Form', '| ------------------------------------------- | -------------------------------------------------- | --------------------- | -------- | ------ | - | ----- | ----- |\n| Gross Unrealized Loss                       | Estimated Fair Value                               | Gross Unrealized Loss |          |        |   |       |       |\n| Debt securities issued by the U.S. Treasury | $ 10,666                                           | ($ 3)                 | $ 6,315  | ($ 22) |   |       |       |\n| Corporate debt securities                   | $ 1,332                                            | ($ 3)                 | $ 5,291  | ($ 29) |   |       |       |']",4046ff4b-8c75-47c1-92ca-9cbb2da3fdbf,"['4046ff4b-8c75-47c1-92ca-9cbb2da3fdbf', 'c2d45d07-7eaa-4be2-adf8-a2303ca0ef60', '9b149dc2-ff3e-45e2-bbea-bbdf108e79e2', '0c4d9505-7cfa-4c60-8a05-cf9545c0d7a3', '2a378bc1-55cc-41cc-ae92-e2633083cf37']","[""4046ff4b-8c75-47c1-92ca-9cbb2da3fdbf"", ""4046ff4b-8c75-47c1-92ca-9cbb2da3fdbf""]",1,0,0,0,1,0.0,0.0,4.0,0.0,0.0,"[""The estimated fair value of corporate debt securities is $18,526."", ""The cost or amortized cost of these securities is $18,504."", ""There is an unrealized gain of $51."", ""There is an unrealized loss of $29.""]",[],0.75,0.7571322914624973,0.9863078803716203
deep_headers_fine,5,default,0,700,140,deep,"According to the Nvidia 10k report, what are the primary sources of cybersecurity threats mentioned that could disrupt the company's services and products during major conflicts?","The primary sources of cybersecurity threats mentioned are cyber-attacks during times of war or major conflicts, and threats due to error or intentional misconduct by employees, contractors, or other third-party service providers.","The primary sources of cybersecurity threats mentioned that could disrupt the company's services and products during major conflicts include a heightened risk of cyber-attacks, cybersecurity threats due to error or intentional misconduct by employees, contractors, or other third-party service providers [Source: a3dd8c2f-8d12-4373-add2-5f302cea2f13].","['and during times of war or other major conflicts, we and the third parties we rely upon may be subject to a heightened risk of cyber-attacks that could materially disrupt our ability to provide services and products. We may also face cybersecurity threats due to error or intentional misconduct by employees, contractors or other third-party service providers. Certain aspects of effective cybersecurity are dependent upon our employees, contractors and/or other third-party service providers safeguarding our sensitive information and adhering to our security policies and access control mechanisms. We have in the past experienced, and may in the future experience, security incidents arising from', 'While most NVIDIA employees work with company confidential information, only a small subset of non-public information rises to the level of MNPI. Examples of material information could include: financial results; significant mergers or acquisitions; major contracts; significant information regarding NVIDIA’s products and services; significant information about competition, customers, or market demand; major cybersecurity breaches, data protection or privacy incidents; key personnel changes; significant litigation; or material regulatory activity.', 'Product, system security, and data protection incidents or breaches, as well as cyber-attacks, could disrupt our operations, reduce our expected revenue, increase our expenses, and significantly harm our business and reputation. Security breaches, computer malware, social-engineering attacks, denial-of-service attacks, software bugs, server malfunctions, software or hardware failures, loss of data or other information technology assets, and other cyber-attacks are becoming increasingly sophisticated, making it more difficult to successfully detect, defend against them or implement adequate preventative measures.', 'Undiscovered vulnerabilities in our products or services could result in loss of data or intangible property, or expose our customers to unscrupulous third parties who develop and deploy malicious software programs that could attack our products or services. Defects or failure of our offerings to perform to specifications could lead to substantial damage to the products in which our offerings have been integrated by OEMs, ODMs, AIB manufacturers, automotive manufacturers, and tier 1 automotive suppliers, and to the user of such end product. Such defects have in the past had an adverse effect on our cost and supply of components and finished goods and may in the future cause us to incur', 'Catastrophic events can also have an impact on third-party vendors who provide us critical infrastructure services for IT and research and development systems and personnel. Geopolitical and domestic political developments and other events beyond our control can increase economic volatility globally. Political instability, changes in government or adverse political developments in or around any of the major countries in which we do business may harm our business, financial condition, and results of operations. Worldwide geopolitical tensions and conflicts, including but not limited to China, Hong Kong, Israel, Korea and Taiwan where the manufacture of our product components and final']",a3dd8c2f-8d12-4373-add2-5f302cea2f13,"['a3dd8c2f-8d12-4373-add2-5f302cea2f13', '6d0ce901-805e-48d3-b48d-05793de489e4', '35c50e1c-563a-46dc-a19d-95bbabad435f', '2c8a50bf-a140-483e-b6ef-367d2c6f727f', 'e8dfe13b-a632-4a44-a1af-4089469ac4d0']","[""a3dd8c2f-8d12-4373-add2-5f302cea2f13""]",1,0,0,0,1,0.0,0.0,2.0,0.0,0.0,"[""The primary sources of cybersecurity threats mentioned that could disrupt the company's services and products during major conflicts include a heightened risk of cyber-attacks."", ""Cybersecurity threats due to error or intentional misconduct by employees, contractors, or other third-party service providers.""]",[],0.25,0.8206312936466023,0.7798110871923165
deep_headers_fine,5,default,0,700,140,deep,"As of the end of fiscal year 2026, how much of Nvidia's cash, cash equivalents, and marketable securities held outside the U.S. would incur foreign or state taxes upon repatriation to the U.S.?","Approximately $1.7 billion of cash, cash equivalents, and marketable securities held outside the U.S. would incur foreign or state taxes upon repatriation to the U.S., as these amounts have not been accrued for any related taxes.","Approximately $1.7 billion of Nvidia's cash, cash equivalents, and marketable securities held outside the U.S. would incur foreign or state taxes upon repatriation to the U.S. [Source: 213850e6-f315-48d6-b06d-cb09da6f2fc8].","['Except for approximately $1.7 billion of cash, cash equivalents, and marketable securities held outside the U.S. for which we have not accrued any related foreign or state taxes if we repatriate these amounts to the U.S., substantially all of our cash, cash equivalents and marketable securities held outside the U.S. at the end of fiscal year 2026 are available for use in the U.S. without incurring additional U.S. federal income taxes. Our first quarter of any fiscal year (including fiscal year 2027) generally does not include any estimated federal and state income tax payments and our second quarter of any fiscal year (including fiscal year 2027) generally includes two estimated federal and', '(2) The long-term portion of marketable equity securities, which are subject to lock-up restrictions through December 2027 of $4.8 billion as of January 25, 2026, is included in other assets.  \nPublicly-held equity securities are subject to market price volatility. Net unrealized gains on investments in publicly-held equity securities held at period end were $6.6 billion for fiscal year 2026. Net unrealized gains on investments in publicly-held equity securities held at period end were not significant for fiscal years 2025 and 2024.', 'Our primary sources of liquidity include cash, cash equivalents, marketable securities, and cash generated by our operations. As of January 25, 2026, we had $62.6 billion in cash, cash equivalents, and marketable securities. We believe that we have sufficient liquidity to meet our operating requirements for at least the next twelve months and for the foreseeable future, including our future obligations. We continuously evaluate our liquidity and capital resources, including our access to external capital, to ensure we can finance future capital requirements.', '|                                                   | Jan 25, 2026 | Jan 26, 2025 |\n| ------------------------------------------------- | ------------ | ------------ |\n| Cash and cash equivalents                         | $ 10,605     | $ 8,589      |\n| Marketable securities                             | 51,951       | 34,621       |\n| Cash, cash equivalents, and marketable securities | $ 62,556     | $ 43,210     |  \nTable of Contents', ""We have audited the accompanying consolidated balance sheets of NVIDIA Corporation and its subsidiaries (the “Company”) as of January 25, 2026 and January 26, 2025, and the related consolidated statements of income, comprehensive income, shareholders' equity, and cash flows for each of the three years in the period ended January 25, 2026, including the related notes and financial statement schedule listed in the index appearing under Item 15(a)(2) (collectively referred to as the “consolidated financial statements”). We also have audited the Company's internal control over financial reporting as of January 25, 2026, based on criteria established in Internal Control - Integrated Framework""]",213850e6-f315-48d6-b06d-cb09da6f2fc8,"['213850e6-f315-48d6-b06d-cb09da6f2fc8', '9906a426-4e83-4a8b-a630-92542e779b6d', '2bb05a27-bf7b-4808-9778-335b5f78ec92', '0eab2626-b8a5-4d1a-93a7-c3e0bcfa961b', 'c89abbc2-1436-423f-a602-9d929940dd66']","[""213850e6-f315-48d6-b06d-cb09da6f2fc8""]",1,0,0,0,1,0.0,0.0,1.0,0.0,0.0,"[""Approximately $1.7 billion of Nvidia's cash, cash equivalents, and marketable securities held outside the U.S. would incur foreign or state taxes upon repatriation to the U.S.""]",[],1.0,0.9415003978725011,0.6970891781797932
deep_headers_fine,5,default,0,700,140,deep,What was the financial impact on Nvidia in the first quarter of fiscal year 2026 due to the USG's licensing requirement for exporting H20 integrated circuits to China and D:5 countries?,Nvidia incurred a $4.5 billion charge associated with H20 for excess inventory and purchase obligations.,"The financial impact on Nvidia in the first quarter of fiscal year 2026 due to the USG's licensing requirement for exporting H20 integrated circuits to China and D:5 countries was a $4.5 billion charge associated with H20 for excess inventory and purchase obligations, as the demand for H20 products diminished [Source: b8dc61d1-5f98-4b67-89f9-b792ec041fc2].","['In April 2025, the USG informed us that it requires a license for export to China (including Hong Kong and Macau) and D:5 countries, or to companies headquartered or with an ultimate parent therein, of our H20 integrated circuits and any other circuits achieving the H20’s memory bandwidth, interconnect bandwidth, or combination thereof. As a result of these requirements, we incurred a $4.5 billion charge in the first quarter of fiscal year 2026 associated with H20 for excess inventory and purchase obligations, as the demand for H20 products diminished.', 'In April 2025, the USG informed us that it requires a license for export to China (including Hong Kong and Macau) and D:5 countries, or to companies headquartered or with an ultimate parent therein, of our H20 integrated circuits and any other circuits achieving the H20’s memory bandwidth, interconnect bandwidth, or combination thereof. As a result of these requirements, we incurred a $4.5 billion charge in the first quarter of fiscal year 2026 associated with H20 for excess inventory and purchase obligations, as the demand for H20 products diminished.', 'In April 2025, the USG informed us that a license is required for exports of our H20 product into the China market. As a result of these requirements, we incurred a $4.5 billion charge in the first quarter of fiscal year 2026 associated with H20 for excess inventory and purchase obligations, as the demand for H20 diminished. In August 2025, the USG granted licenses that would allow us to ship certain H20 products to certain China-based customers. We generated approximately $60 million in H20 revenue under those licenses.', '| Net income per diluted share | $          | 4.90         | 2.94         | Up 67%   |  \nRevenue for fiscal year 2026 was $215.9 billion, up 65% from a year ago.  \nData Center revenue for fiscal year 2026 was up 68% from a year ago. The strong year-on-year growth was driven by the major platform shifts – accelerated computing and AI.  \nGaming revenue for fiscal year 2026 was up 41% from a year ago, driven by strong Blackwell demand. We expect supply constraints to be a headwind to Gaming in the first quarter of fiscal 2027 and beyond.', 'Provisions for inventory and excess inventory purchase obligations totaled $7.2 billion and $3.7 billion for fiscal years 2026 and 2025, respectively, including $4.5 billion associated with H20 excess inventory and purchase obligations for the first quarter of fiscal year 2026. Sales of previously reserved inventory and settlements of excess inventory purchase obligations resulted in a provision release of $1.5 billion and $689 million for fiscal years 2026 and 2025, respectively. The net effect on our gross margin was an unfavorable impact of 2.6% and 2.3% in fiscal years 2026 and 2025, respectively.']",b8dc61d1-5f98-4b67-89f9-b792ec041fc2,"['b8dc61d1-5f98-4b67-89f9-b792ec041fc2', 'c13540d1-51d7-41cf-a907-8b0365b3b892', '139aeff7-7012-4805-b3c2-091122612f94', '55d45a93-6ea9-4a47-b12a-87ccd9c4a210', '532971a6-432c-4789-b977-aab7c29af5f2']","[""b8dc61d1-5f98-4b67-89f9-b792ec041fc2""]",1,0,0,0,1,0.0,0.0,2.0,0.0,0.0,"[""The financial impact on Nvidia in the first quarter of fiscal year 2026 due to the USG's licensing requirement for exporting H20 integrated circuits to China and D:5 countries was a $4.5 billion charge associated with H20 for excess inventory and purchase obligations."", ""The demand for H20 products diminished.""]",[],1.0,0.9999920985690681,0.4427470698830519
deep_headers_fine,5,default,0,700,140,deep,"Based on the context provided from Nvidia's 10-K report for the year 2026, how does Nvidia allocate its assets across operating segments, and where can one find additional information regarding lease obligations?","Nvidia does not identify or allocate assets by operating segment. Additional information regarding obligations under leases can be found in Note 17 of the Notes to the Consolidated Financial Statements in Part IV, Item 15 of the Annual Report on Form 10-K.","Nvidia does not identify or allocate assets by operating segment [Source: 65df0201-91bc-492f-8152-bd17e0e971cf]. For additional information regarding lease obligations, one can refer to Note 17 of the Notes to the Consolidated Financial Statements in Part IV, Item 15 of the Annual Report on Form 10-K [Source: 65df0201-91bc-492f-8152-bd17e0e971cf].","['conduct of our business. We do not identify or allocate assets by operating segment. For additional information regarding obligations under leases, refer to Note 17 of the Notes to the Consolidated Financial Statements in Part IV, Item 15 of this Annual Report on Form 10-K, which information is hereby incorporated by reference.', 'Our two operating segments are ""Compute &#x26; Networking"" and ""Graphics."" Refer to Note 16 of the Notes to the Consolidated Financial Statements in Part IV, Item 15 of this Annual Report on Form 10-K for additional information.  \nHeadquartered in Santa Clara, California, NVIDIA was incorporated in California in April 1993 and reincorporated in Delaware in April 1998.', ""We have audited the accompanying consolidated balance sheets of NVIDIA Corporation and its subsidiaries (the “Company”) as of January 25, 2026 and January 26, 2025, and the related consolidated statements of income, comprehensive income, shareholders' equity, and cash flows for each of the three years in the period ended January 25, 2026, including the related notes and financial statement schedule listed in the index appearing under Item 15(a)(2) (collectively referred to as the “consolidated financial statements”). We also have audited the Company's internal control over financial reporting as of January 25, 2026, based on criteria established in Internal Control - Integrated Framework"", 'Our headquarters is in Santa Clara, California. We own and lease approximately 3 million square feet of office and building space for our corporate headquarters. In addition, we lease data center space in Santa Clara, California. We also own and lease facilities for data centers, research and development, and/or sales and administrative purposes throughout the U.S. and in various international locations, primarily in China, India, Israel, and Taiwan. We believe our existing facilities, both owned and leased, are in good condition and suitable for the conduct of our business. We do not identify or allocate assets by operating segment. For additional information regarding obligations under', 'As of January 25, 2026, based on recent jurisdictional taxable income and expected future earnings, we concluded certain state deferred tax assets are more likely than not realizable and released $711 million of valuation allowance. Refer to Note 13 of the Notes to the Consolidated Financial Statements in Part IV, Item 15 of this Annual Report on Form 10-K for additional information.']",65df0201-91bc-492f-8152-bd17e0e971cf,"['65df0201-91bc-492f-8152-bd17e0e971cf', 'a0ea523f-db5e-4984-a491-5b7141900b0a', 'c89abbc2-1436-423f-a602-9d929940dd66', 'e76216b5-acf9-4faf-99e4-52b89e18f7fd', 'd71816b2-e0e1-494c-a64d-9da442b270c1']","[""65df0201-91bc-492f-8152-bd17e0e971cf"", ""65df0201-91bc-492f-8152-bd17e0e971cf""]",1,0,0,0,1,0.0,0.0,2.0,0.0,0.0,"[""Nvidia does not identify or allocate assets by operating segment"", ""For additional information regarding lease obligations, one can refer to Note 17 of the Notes to the Consolidated Financial Statements in Part IV, Item 15 of the Annual Report on Form 10-K""]",[],1.0,0.7854738856457794,0.9912752772110948
deep_headers_fine,5,default,0,700,140,deep,"What specific regulatory action did China's antitrust regulators take on January 15, 2025, regarding Nvidia's compliance with U.S. export controls, and what was the alleged consequence?","On January 15, 2025, China's antitrust regulators published a preliminary finding that Nvidia's compliance with U.S. export controls, which required offering degraded products to the Chinese market, discriminated unfairly against customers in China. This was alleged to violate the terms of China's approval of Nvidia's Mellanox acquisition.",Insufficient Information.,"['15, 2025, China’s antitrust regulators published their preliminary finding that our compliance with applicable U.S. export controls, which required us to offer degraded products to the Chinese market, discriminated unfairly against customers in the China market and therefore violated the terms of China’s approval of our Mellanox acquisition. If regulators conclude that we have failed to fulfill the terms of our Mellanox acquisition or we have violated any applicable law in China, we could be subject to financial penalties, restrictions on our ability to conduct our business, restrictions or other orders regarding our networking business, products, and services, or otherwise impact our', 'Export controls have and are likely in the future to have a disproportionate impact on NVIDIA and may disadvantage us against certain of our competitors that sell chips that are outside the scope of such control. Export controls have already and may in the future encourage customers outside China and other impacted regions to “design-out” certain U.S. semiconductors from their products to reduce the compliance burden and risk, and to ensure that they are able to serve markets worldwide. Export controls have already encouraged and may in the future encourage overseas governments to request that our customers purchase from our competitors rather than NVIDIA or other U.S. firms, harming our', 'a timely manner. Additional export restrictions may not only impact our ability to serve overseas markets, but also provoke responses from foreign governments, including China, that negatively impact our supply chain or our ability to provide our products and services to customers in all markets worldwide, which could also substantially reduce our revenue. Regulators in China have inquired about our sales and efforts to supply the China market and our fulfillment of the commitments we entered at the close of our Mellanox acquisition. On September 15, 2025, China’s antitrust regulators published their preliminary finding that our compliance with applicable U.S. export controls, which', ""The export controls applicable to China are complex and address a variety of parameters, including the total processing performance of a chip, the “performance density” of a chip, the interconnect bandwidth of a chip, and the memory bandwidth of a chip. Under the current rules and geopolitical landscape, we are unable to create and deliver a competitive product for China’s data center market that receives approval from both the USG and the Chinese government. As of the end of fiscal year 2026, we were effectively foreclosed from competing in China's data center computing/compute market, and our effective foreclosure from the China market helped our competitors build larger developer and"", ""The export controls applicable to China are complex and address a variety of parameters, including the total processing performance of a chip, the “performance density” of a chip, the interconnect bandwidth of a chip, and the memory bandwidth of a chip. Under the current rules and geopolitical landscape, we are unable to create and deliver a competitive product for China’s data center market that receives approval from both the USG and the Chinese government. As of the end of fiscal year 2026, we were effectively foreclosed from competing in China's data center computing/compute market, and our effective foreclosure from the China market helped our competitors build larger developer and""]",59c43d13-67cc-416e-a077-0c1660fa79de,"['59c43d13-67cc-416e-a077-0c1660fa79de', '8364b399-7459-4e0c-b9b2-a61686eabb7c', '1be6f31f-dd2e-463a-99b9-b7aa69517a63', 'd2b0c799-0582-4d3a-a091-707271a4dd14', '085b4e19-ba4b-4044-919d-7d0a59f92421']",[],1,0,0,0,0,0.0,0.0,0.0,0.0,,[],[],0.0,0.0,0.03844127001221841
deep_headers_fine,5,default,0,700,140,deep,What is the I.R.S. Employer Identification Number (EIN) for NVIDIA CORPORATION as specified in the provided context?,94-3177549,The I.R.S. Employer Identification Number (EIN) for NVIDIA CORPORATION is 94-3177549 [Source: c6f3ef83-e2a2-4307-88fb-b28b5d85efa3].,"['(NVIDIA CORPORATION Exact name of registrant as specified in its charter)  \n| Delaware                                                       | 94-3177549                           |\n| -------------------------------------------------------------- | ------------------------------------ |\n| (State or other jurisdiction of incorporation or organization) | (I.R.S. Employer Identification No.) |  \n2788 San Tomas Expressway, Santa Clara, California 95051  \n(Address of principal executive offices) (Zip Code)  \nRegistrant’s telephone number, including area code: (408) 486-2000', 'Headquartered in Santa Clara, California, NVIDIA was incorporated in California in April 1993 and reincorporated in Delaware in April 1998.  \nAll references to “NVIDIA,” “we,” “us,” “our” or the “Company” mean NVIDIA Corporation and its subsidiaries. Certain prior fiscal year balances have been reclassified to conform to the current fiscal year presentation. Non-marketable equity securities, previously presented within other assets, were reclassified to be presented separately on our consolidated balance sheets and had no impact to total assets or consolidated statement of cash flows.', 'Headquartered in Santa Clara, California, NVIDIA was incorporated in California in April 1993 and reincorporated in Delaware in April 1998.', 'While most NVIDIA employees work with company confidential information, only a small subset of non-public information rises to the level of MNPI. Examples of material information could include: financial results; significant mergers or acquisitions; major contracts; significant information regarding NVIDIA’s products and services; significant information about competition, customers, or market demand; major cybersecurity breaches, data protection or privacy incidents; key personnel changes; significant litigation; or material regulatory activity.', '2. The information contained in the Periodic Report fairly presents, in all material respects, the financial condition of the Company at the end of the period covered by the Periodic Report and results of operations of the Company for the period covered by the Periodic Report.  \nDate: February 25, 2026  \n/s/ COLETTE M. KRESS  \nColette M. Kress  \nExecutive Vice President and Chief Financial Officer  \nA signed original of this written statement required by Section 906 of 18 U.S.C. § 1350 has been provided to NVIDIA Corporation and will be retained by NVIDIA Corporation and furnished to the Securities and Exchange Commission or its staff upon request.']",c6f3ef83-e2a2-4307-88fb-b28b5d85efa3,"['c6f3ef83-e2a2-4307-88fb-b28b5d85efa3', '2fdd4e37-9364-4e64-a0f7-247e81571b86', '5c0012bd-52c3-46ab-a4d0-9191d961735a', '6d0ce901-805e-48d3-b48d-05793de489e4', 'a66b9271-f792-4e33-aff4-21f25cfb694b']","[""c6f3ef83-e2a2-4307-88fb-b28b5d85efa3""]",1,0,0,0,1,0.0,0.0,1.0,0.0,0.0,"[""The I.R.S. Employer Identification Number (EIN) for NVIDIA CORPORATION is 94-3177549""]",[],0.5,0.9479621777784435,0.5807321491180082
deep_headers_fine,5,default,0,700,140,deep,"What are the key components of NVIDIA's underlying architecture that allow it to support diverse end markets such as Data Center, Gaming, Professional Visualization, and Automotive?","NVIDIA's underlying architecture leverages GPUs, CPUs, CUDA, and networking technologies as the fundamental building blocks to support diverse end markets.","The key components of NVIDIA's underlying architecture that allow it to support diverse end markets such as Data Center, Gaming, Professional Visualization, and Automotive include GPUs, CPUs, CUDA, and networking technologies [Source: 06848b75-f674-4c70-846d-47e3be70430d].","['markets, which include Data Center, Gaming, Professional Visualization, and Automotive. While the computing requirements of these end markets are diverse, we address them with a unified underlying architecture leveraging our GPUs, CPUs, CUDA and networking technologies as the fundamental building blocks. The programmable nature of our architecture allows us to make leveraged investments in research and development: we can support several multi-billion-dollar end markets with shared underlying technology by using a variety of software stacks developed either internally or by third-party developers and partners. We utilize this platform approach in each of our target markets.', 'Our computing platforms serve a diverse set of markets such as data centers, gaming, professional visualization, and automotive. Our desktop gaming products typically see stronger revenue in the second half of our fiscal year. Historical seasonality trends may not repeat.', 'Our accelerated computing platform can solve complex problems in significantly less time and with lower power consumption than alternative computational approaches. It can help solve problems that were previously deemed unsolvable. We work to deliver continued performance leaps that outpace Moore’s Law by leveraging innovation across the architecture, chip design, system, interconnect, algorithm, and software layers. This full-stack innovation approach allows us to deliver order-of-magnitude performance advantages relative to legacy approaches in our target markets, which include Data Center, Gaming, Professional Visualization, and Automotive. While the computing requirements of these end', 'NVIDIA has a platform strategy, bringing together hardware, systems, software, algorithms, libraries, AI models and training data sets, and services to create unique value for the markets we serve. While the computing requirements of these end markets are diverse, we address them with a unified underlying programmable architecture allowing us to support several multi-billion-dollar end markets with the same underlying technology by using a variety of software stacks developed either internally or by third-party developers and partners. The large and growing number of developers and installed base across our platforms strengthens our ecosystem and increases the value of our platform for our', 'We specialize in markets where our computing and AI infrastructure platforms can provide tremendous acceleration for applications. These platforms incorporate processors, interconnects, software, algorithms, systems, and services to deliver unique value. Our platforms address four large markets where our expertise is critical: Data Center, Gaming, Professional Visualization, and Automotive.']",06848b75-f674-4c70-846d-47e3be70430d,"['06848b75-f674-4c70-846d-47e3be70430d', '752c5296-fd95-40d5-bc2c-ee84a99c2279', '3d5ae6b6-51c1-40bb-ba56-c8cfd4ce9cf7', '5d79c00c-6d65-4ddd-977b-195739b015a2', '670e54c6-94d8-4dd4-8204-741a79049aa0']","[""06848b75-f674-4c70-846d-47e3be70430d""]",1,0,0,0,1,0.0,0.0,1.0,0.0,0.0,"[""The key components of NVIDIA's underlying architecture that allow it to support diverse end markets include GPUs, CPUs, CUDA, and networking technologies.""]",[],1.0,1.0,0.9648946361289017
